dish_id,dish_name,timestamp,user
32,白菜と豚バラのミルフィーユ鍋,2026-01-25 13:33,admin
32,白菜と豚バラのミルフィーユ鍋,2026-01-25 13:33,admin
32,白菜と豚バラのミルフィーユ鍋,2026-01-25 13:33,admin
32,白菜と豚バラのミルフィーユ鍋,2026-01-25 13:33,admin
2026-01-25 14:08,admin,1,ブリの照り焼き
2026-01-25 14:08,admin,1,ブリの照り焼き
2026-01-25 14:10,admin,1,ブリの照り焼き
2026-01-25 14:10,admin,1,ブリの照り焼き
2026-01-25 14:10,admin,1,ブリの照り焼き
2026-01-25 14:10,admin,1,ブリの照り焼き
2026-01-25 14:10,admin,1,ブリの照り焼き
2026-01-25 14:10,admin,1,ブリの照り焼き
2026-01-25 14:16,admin,1,ブリの照り焼き
2026-01-25 14:16,admin,1,ブリの照り焼き
2026-01-25 14:16,admin,1,ブリの照り焼き
2026-01-25 14:16,admin,1,ブリの照り焼き
2026-01-25 14:16,admin,1,ブリの照り焼き
2026-01-25 14:16,admin,1,ブリの照り焼き
2026-01-25 14:16,admin,1,ブリの照り焼き
2026-01-25 14:19,admin,1,ブリの照り焼き
2026-01-25 14:19,admin,1,ブリの照り焼き
2026-01-25 14:19,admin,1,ブリの照り焼き
2026-01-25 14:19,admin,1,ブリの照り焼き
2026-01-25 14:19,admin,1,ブリの照り焼き
2026-01-25 14:19,admin,1,ブリの照り焼き
2026-01-25 14:19,admin,1,ブリの照り焼き
2026-01-25 14:21,admin,1,ブリの照り焼き
2026-01-25 14:21,admin,1,ブリの照り焼き
2026-01-25 14:21,admin,1,ブリの照り焼き
2026-01-25 14:21,admin,1,ブリの照り焼き
2026-01-25 14:21,admin,1,ブリの照り焼き
2026-01-25 14:21,admin,1,ブリの照り焼き
2026-01-25 15:03,admin,35,ブリ大根
2026-01-25 15:03,admin,35,ブリ大根
2026-01-25 15:03,admin,35,ブリ大根
2026-01-25 15:03,admin,35,ブリ大根
2026-01-25 15:04,admin,35,ブリ大根
2026-01-25 15:04,admin,65,ブリ大根
2026-01-25 15:07,admin,1,ブリの照り焼き
2026-01-25 15:11,admin,1,ブリの照り焼き
2026-01-25 15:11,admin,35,ブリ大根
2026-01-25 15:11,admin,35,ブリ大根
2026-01-25 15:11,admin,35,ブリ大根
2026-01-25 15:11,admin,35,ブリ大根
2026-01-25 15:11,admin,35,ブリ大根
2026-01-25 15:11,admin,35,ブリ大根
2026-01-25 15:11,admin,35,ブリ大根
2026-01-25 15:15,admin,35,ブリ大根
2026-01-25 15:15,admin,1,ブリの照り焼き
2026-01-25 15:15,admin,35,ブリ大根
2026-01-25 15:15,admin,35,ブリ大根
2026-01-25 15:15,admin,35,ブリ大根
2026-01-25 15:15,admin,35,ブリ大根
2026-01-25 16:22,admin,1,ブリの照り焼き
2026-01-25 16:22,admin,31,熱々おでん
2026-01-25 17:22,admin,1,ブリの照り焼き
2026-01-25 17:24,admin,1,ブリの照り焼き
2026-01-25 17:24,admin,31,熱々おでん
2026-01-25 17:24,admin,35,ブリ大根
2026-01-25 17:28,admin,1,ブリの照り焼き
2026-01-26 09:09,admin,1,ブリの照り焼き
2026-01-26 16:28,admin,1,ブリの照り焼き
2026-01-26 16:28,admin,31,熱々おでん
